,Time,Temperature(Â¡C),A1,A2,A3,A4,A5,A6,A7,A8,B1,B2,B3,B4,B5,B6,B7,B8,C1,C2,C3,C4,C5,C6,C7,C8,D1,D2,D3,D4,D5,D6,D7,D8,E1,E2,E3,E4,E5,E6,E7,E8,F1,F2,F3,F4,F5,F6,F7,F8,G1,G2,G3,G4,G5,G6,G7,G8
0,0:00:00,37,32610,29004,34023,35898,29723,30721,32481,33480,30611,29999,560299456,33271,509856128,31750,400174976,34370,30359,32120,239466000,28856,204074848,35418,404908096,31137,34268,30630,117115760,29981,33135,31383,116344824,31984,36541,32751,58836244,34411,179010832,35686,68963496,30904,30873,31120,13557491,31634,11002368,31261,19637170,33764,29866,31369,31242,33890,33638,33511,35658,31872
1,0:05:00,37,36122,30113,32274,30980,29555,30954,28520,32479,34151,33403,533233088,33018,468928640,30442,387802304,34896,31208,30428,231856800,31854,200223872,33912,394316832,34424,34649,33389,122947264,28122,32346,32491,115353456,31567,31206,34008,55393480,31347,169805088,32120,64756692,33405,32338,30680,11754205,30172,12654520,32107,21893380,31189,33238,31442,34001,34256,33485,30037,30554,32849
2,0:10:01,37,34738,30747,32534,32005,31608,30557,31976,33272,37928,32648,530980000,33164,492555168,34055,383682432,27693,33530,33533,230792064,33421,199932032,31483,393342016,29542,30419,31865,121096152,37660,33532,27967,113684256,30278,34956,29777,54772528,30695,167444544,34467,64613768,30848,29379,30549,11821054,29773,7793355,33025,19843232,30677,32616,33780,30936,36752,29117,33912,30930,34684
3,0:15:01,37,31210,29175,27985,32528,31343,30947,32113,30932,35229,32254,499469984,36290,474785984,29773,385652064,32486,33018,32488,236792512,30036,205992816,29786,403069984,29136,34304,34583,111039624,34303,33659,32758,116559016,28580,33012,33516,58188408,34707,176631728,30043,67463832,28095,31305,32089,11785533,31576,4003076,36007,20354870,28964,31573,34426,32470,32729,32211,31950,32994,29481
4,0:20:02,37,34179,26746,30531,34314,30504,35473,28924,31923,31929,32865,486406368,34433,467459968,33763,389117568,32307,31669,31005,233457472,31678,204352384,29988,401068224,31296,31921,31284,103738400,31262,30088,33630,116212296,29552,32970,33088,58235244,31928,177001936,29713,68087400,31686,33084,31645,12368926,32959,3671121,31796,20833872,27460,32430,34521,29944,35566,30336,29286,30856,32294
5,0:25:02,37,34900,27039,31368,32149,30682,28177,29752,32378,31857,36220,458880448,33459,441277856,28833,373516832,30264,32780,35138,224420368,31732,197907568,33587,382288096,32802,30527,30280,107007064,33943,31451,30671,113339696,29592,30395,34205,55326660,30931,174670960,28969,65875384,33586,33671,28542,11410234,30387,3041039,30796,19564518,28936,31833,30125,29461,33273,33013,24067,30906,32883
6,0:30:03,37,34128,29818,27677,30181,30304,30557,27118,26312,30422,30038,478581568,32689,459354816,32672,380354336,33447,33597,30676,229475536,30699,198144304,30040,388672864,32691,32920,29366,101231208,30276,31467,30153,114403312,26168,34244,32785,57342708,28439,178929632,28448,67557688,30440,28805,33174,11366803,33183,3254216,28167,19812928,30396,30796,34091,32639,32904,32510,29468,35806,30393
7,0:35:04,37,32526,31929,32436,32159,28427,32138,28683,31329,32128,30557,467013184,33605,455229056,32001,371259264,30259,31337,29604,228843616,31874,197075728,29360,380555872,29231,30263,29612,100747296,32911,33444,31332,111621192,29849,29597,28663,57436092,32527,176631728,25770,66510648,34807,32232,33965,10154593,28529,2826057,33455,19987518,33297,31309,31441,31041,35951,33034,29712,37148,29317
8,0:40:04,37,34103,29638,30950,35600,26254,30915,29980,31706,33037,34262,472834560,33461,452526816,33715,371652864,27965,30644,29437,224344272,32255,195691520,29993,373739392,28665,27836,30914,105827720,35151,31161,31837,112702016,32081,34357,33824,57543524,31441,177136432,33057,67281240,29995,31145,29819,10603288,31957,2789774,31699,19900826,32613,33014,30216,33410,32344,32882,31009,36467,31545
9,0:45:05,37,30836,30515,29960,33024,32742,33669,28452,29651,34723,32479,453196352,30604,432683264,29125,355508192,28171,30457,31250,227031424,29929,197262880,26732,376058240,32618,29775,31128,104231624,29102,31112,31255,114048224,29628,32440,31778,58326852,30053,178628560,28196,66824392,28199,29359,29896,10667451,34575,2954146,28579,20451824,30824,34428,33368,32563,33628,34298,30557,31627,29091
10,0:50:05,37,30632,30580,30696,34303,28396,30799,32665,30381,35076,29472,454552640,31878,445520320,30527,350891808,31444,31457,33059,227190512,29463,195528528,31215,377697984,32284,32920,29588,102799064,30234,31447,36411,113081000,27154,32784,30105,58352512,32260,177094160,30803,65927712,33612,34774,31169,11105559,28091,3161412,31052,19897042,29691,31298,33039,33839,33036,31299,26210,33035,30627
11,0:55:06,37,30281,26877,31425,35172,30330,34207,29645,32183,34197,30329,459432256,32337,451085280,30318,351942496,31637,30309,32184,227068688,33944,196638544,27374,371798848,35837,28154,27765,105511064,35250,31239,30847,113205144,30685,28287,29090,57672288,27898,179578512,31399,65600368,31397,31487,26131,11312394,33909,3039536,31108,20200428,29209,33766,29882,31626,35780,31359,27198,29877,31215
12,1:00:06,37,31119,28384,30923,34675,30903,30083,32901,31818,32623,27277,452886240,28076,447390304,30888,345853632,32480,34903,29802,226771056,28612,196661296,29159,371203328,31982,33696,26186,104306480,29385,34629,28065,110908304,26562,31674,26574,59053296,28868,182766512,28075,66178240,28886,34203,28176,11922456,32740,3090292,32215,19039198,33400,30454,31395,30186,31793,35551,30988,33268,31387
13,1:05:07,37,31414,27332,28662,31743,30116,33064,28494,34668,36012,28910,460633536,31460,450535552,32797,349950592,31024,26194,31437,228187440,33074,195936016,30257,380411200,31335,28074,27821,105021624,29677,29419,28487,112261744,28194,30090,30357,59436276,32652,182734400,32124,64893628,32139,31278,31821,10086131,28200,2658696,31301,17892590,28998,30342,30888,28603,29001,30074,24566,32486,28457
14,1:10:08,37,30891,28292,33657,31491,31615,31608,31604,29849,30382,33231,460778496,31068,452096768,27433,350299584,28354,33068,33743,229679728,32418,197223536,27986,380594240,30676,34945,33616,100869816,33726,35346,30121,112700520,31570,33866,31042,58585156,30386,184280352,32153,64668336,31475,27803,33178,10910344,33051,2711896,31050,17928490,33580,32781,30633,33180,34656,28076,27133,33311,26867
15,1:15:08,37,32110,28836,28419,33928,31222,26905,29185,29716,33618,30951,471752448,31218,448372800,32011,358663680,29303,31330,29587,231497136,35254,198279184,28933,389425088,35665,31189,30527,108387216,27551,33877,30265,112883840,31843,31317,31453,58652060,29993,186962064,33232,64802392,32290,31711,29293,11316296,29561,2732320,34017,17134130,30771,31583,31044,30768,28212,31038,29694,31445,29826
16,1:20:09,37,32939,27105,29651,32193,28005,34464,35263,28397,34186,31109,472788768,30569,452016192,36209,355833376,33499,34454,31890,232709712,31913,196234224,29092,386191584,28291,30272,32712,108687120,28649,31479,30009,111695896,27300,29999,31483,57765564,32977,183718672,28947,65283928,29901,30536,29474,11855556,30798,2783980,30145,17788738,29854,27980,29591,33491,31601,31467,26893,34021,29717
17,1:25:09,37,33348,32087,32745,34753,29489,33388,27865,32704,32572,35957,465196352,31646,451085056,34193,363613504,28387,31895,31760,232402768,28680,199487408,31649,385963712,28962,32157,28135,102992736,31879,32694,30823,111748568,28912,29191,30539,57701492,31227,184122224,30164,65213364,29221,31866,32950,10524480,31068,2672016,31085,17484120,31463,37120,27163,29315,34288,32002,31864,32134,30386
18,1:30:10,37,32124,26561,34091,32326,29081,31901,32702,32557,31352,35144,451787200,33662,445644992,31494,353999488,29592,32158,34038,232987712,32174,199937104,35820,389470496,27340,29190,32167,105961648,28916,28654,33507,109760360,31999,26229,33493,57881920,30144,185228080,31769,66701268,32312,31189,28504,11415058,26761,2749394,28924,16887100,31189,32674,29852,33342,28766,34953,29975,31992,30244
19,1:35:11,37,33728,28976,33270,35951,31090,33508,27850,30535,31210,30153,481940256,26918,450319040,29870,353329856,32134,34710,29590,233355968,34724,200457488,31637,386606848,33526,31870,32962,107115896,32538,29854,32692,110438144,26615,33347,30925,58291360,35919,185636256,34324,66721028,29888,33733,27021,11648813,29441,2662016,27435,15730653,31450,34684,31050,30375,30910,35347,27009,34537,31713
20,1:40:11,37,33982,28288,28005,32839,27846,30799,31739,32539,35362,29465,452962592,35518,441118016,31472,349089984,29164,33480,31731,233227296,32152,200871104,32968,383125984,38358,31052,33085,107608520,31987,32259,30522,110129800,31305,30778,32392,58869980,33888,187765088,30002,67269600,30140,29286,31038,10515365,32115,2995101,30112,15768269,30090,32782,32784,33721,31838,33047,31565,32103,28342
21,1:45:12,37,29520,30568,30144,33491,31198,31994,32393,31582,31583,32009,471213792,29182,454049024,29304,355389440,30363,34402,28490,232481616,32810,200385552,32954,386132160,31208,30768,29036,99421888,31704,29825,28762,109388160,31830,27939,32241,58674396,29836,188361824,33349,65829680,32539,33703,31154,10517137,27669,2893618,29158,15873276,31019,29811,29275,31288,32762,30214,27794,34241,32223
22,1:50:12,37,34347,26913,33085,35627,28495,30506,30362,30088,35054,33732,460832768,32657,449451776,29958,353445440,30613,33580,27802,232620400,31444,202525312,33200,385672992,29174,32495,32512,105278912,35443,26986,30493,109536440,29394,26984,32762,59927396,32777,191407120,29699,66153712,29034,32345,30737,10780114,33025,2887437,34245,15155627,30602,30736,30065,30332,32477,33820,26574,33284,30192
23,1:55:13,37,34185,30387,32256,28610,27524,29265,26709,31669,31538,29408,461032000,28602,438405664,30607,346695424,32999,32344,30595,233845312,35981,202993520,29410,394672224,32768,32732,33289,102081664,33532,33936,30866,111055712,33395,31929,29110,59182096,33554,191410496,33833,65534092,31952,33919,29235,11448069,32324,3015686,36627,14193105,29366,31379,32454,32982,31775,31911,30568,33380,27348
24,2:00:13,37,30525,29827,30078,33020,31666,33807,34740,28701,34330,32205,442476352,31265,445920864,33265,357517184,30431,36072,31240,234729776,32200,205540144,33146,389974208,34093,34858,27092,102651064,30292,32038,30174,110581264,28673,36057,31636,59985792,32184,194906752,30590,66231764,29516,30944,30412,11155834,28672,3106952,32020,14434378,31219,28534,31888,32688,28934,32956,29606,31484,28400
25,2:05:14,37,33191,31413,33005,27625,29355,29756,31490,27601,30284,29901,471547104,26951,458748320,32299,350442368,33485,36179,33898,232113216,32575,204532656,30706,392211680,35001,32821,31227,102381032,32145,30408,28004,110894576,29858,32147,32144,61063172,33365,198746240,31632,67185904,30964,28245,29451,10641164,34271,2971236,26773,14350839,27310,30655,34004,32529,31860,29451,31992,28106,31455
26,2:10:15,37,32620,27498,29224,32427,30403,36026,30664,31191,34143,31619,448716128,31479,448793056,27585,351685184,32117,29988,29050,234186992,28666,205583360,30551,392441376,35372,35334,30266,102633144,28638,33459,26778,112168912,27958,30779,30380,60102676,37085,197877904,28794,66608608,28660,30627,30499,10418155,30899,2911648,29962,13049026,31699,30366,34513,31833,28756,36379,31699,31966,32367
27,2:15:15,37,33807,31629,34422,33072,31586,34929,32112,29834,30502,32929,451008736,34001,450566048,33987,345219424,32896,30635,30766,233770768,30112,208311008,29722,391063136,29190,30895,31044,103387912,31826,31028,32909,110609336,32750,32365,33031,60114940,31707,198792208,31051,67217848,31454,29002,29142,10311653,30878,2886718,33147,12414968,30613,33416,33684,30474,28201,33147,30073,29406,29538
28,2:20:16,37,27880,29994,31584,33578,29684,32089,27534,28069,29136,33973,439607040,31300,438706560,31285,346389280,27528,34619,34349,233499248,30221,207840128,31297,388255872,33176,31138,31685,104104552,32198,27792,28735,110218464,28314,30067,29395,60792144,32616,196526656,31827,66667308,31832,32046,32183,10002584,32982,3010327,32848,11834129,29914,30985,32184,34319,34315,30447,29779,31646,28972
29,2:25:16,37,34279,29697,33026,28735,27653,30860,31388,30311,37791,29263,446765312,29930,444516960,33525,347871968,35773,31914,31510,235083008,31796,211724176,32474,390340288,28871,31370,30852,102304760,24561,36043,30315,112131800,31756,32972,30834,61480572,34727,192791456,30460,66515864,30199,35083,28551,10958156,29486,2780658,34422,10970121,29620,32285,27887,30953,34153,32689,33355,33355,27752
30,2:30:17,37,35058,31284,31400,30987,28040,33638,30564,31355,25887,35114,443697408,35784,437424544,28961,344944992,28012,34427,31888,235369008,33645,214395424,31251,394193152,30850,31217,28831,102503080,30147,32419,32291,112347080,33734,30812,29214,60587120,36431,187495040,35911,65743948,28703,29460,31333,9836110,32930,2756394,30933,10311627,31600,30528,31860,34262,33192,33998,27330,30795,31729
31,2:35:18,37,33420,32052,31903,34159,30278,27605,31868,32924,33460,30946,462564640,29613,448444320,32001,350162912,27455,31994,32394,241526144,29875,220793552,32683,412276992,31087,33317,34662,104682128,29047,31580,29060,115760272,28907,32387,30788,63331228,32797,188460464,34005,70261312,31613,29961,33029,11112399,33563,2953794,29830,11364165,31435,34629,32496,30233,32493,30362,28498,32493,30098
32,2:40:18,37,34722,30285,31335,30926,31312,31841,34233,34896,30637,33987,432323200,32520,434620576,30375,339883328,35546,32497,30899,241460880,34107,221078032,32782,410105216,30257,31158,33571,108176776,29419,31952,28367,115208448,28880,32619,28760,62966964,28776,170417744,32115,69142888,33716,33128,30207,11085525,33666,3088976,28742,10685310,31541,31140,32605,32073,33265,30474,31802,35926,29938
33,2:45:19,37,31630,30930,28918,33036,31160,33816,33278,32337,33540,33029,468784192,31963,438561344,31683,351378368,36586,31542,33398,248299536,32751,226828112,25967,432781280,29833,35253,29817,112743368,30329,33125,28212,114041632,30186,30868,28604,64135568,34606,155867168,31687,72635648,30496,27918,27522,12292222,32972,3120274,26456,10938660,29651,31115,30714,30714,32972,30314,31111,33504,31109
34,2:50:19,37,33068,29173,32619,32468,31128,34446,31915,31776,33775,31536,441506880,31003,426297504,33113,343254048,36019,33504,27388,244545712,29530,225275392,31666,421996320,32339,33897,34975,105305672,35753,29642,29388,112751072,26175,31376,29112,63384652,27794,127060720,30993,68826352,31799,29094,25376,10797875,29627,2970906,28030,9592190,29231,30424,32287,29096,34271,34407,30154,32941,29626
35,2:55:20,37,30779,32878,27275,32713,27652,28709,32297,30555,33750,31909,457329760,32837,446441536,37344,345711904,32279,30427,33083,237959520,30577,220067728,27925,398591904,29523,29490,32161,101917008,29221,28292,30959,110315040,27083,33738,31607,60907364,34946,105339584,32037,63000264,32570,32918,30533,9526964,31861,2667362,33848,8196011,32130,33981,32656,33051,30393,29338,33053,31592,33186
36,3:00:20,37,30090,29264,30043,31895,33876,32942,28686,34523,34127,33085,445307488,33750,479338784,31740,338106944,30259,35186,31598,235309040,32413,219390320,28435,397205024,31093,30399,30278,101804192,36760,32650,29475,109514720,28792,28408,30000,60423644,37046,94566032,26566,61019756,28965,27987,29849,9613021,32370,2470018,31570,7769408,31706,30380,29851,35016,31965,31039,34619,33558,29981
37,3:05:21,37,36713,33486,32010,30274,30527,33043,26536,29449,32103,31063,423330240,30130,474730528,34235,331115840,29309,35816,35414,235415408,33180,221943120,28408,401787776,29607,33419,33171,102258448,28509,27319,30249,111061784,28899,28911,29439,60541572,32642,86706968,31721,59440628,34377,29018,31939,9724878,29422,2601534,32207,8110880,28632,29556,34198,30884,30883,31679,31945,31011,27829
38,3:10:22,37,33622,30140,29727,30113,29572,30095,33804,31142,26243,29174,437168384,29178,474467840,32744,332124864,34977,32476,29555,234974752,33021,223517568,29577,399247872,32499,27823,31814,103029152,33119,30475,28897,111391304,29933,31535,32596,61364524,33801,82044800,35408,56694036,31562,28067,30720,9419613,31648,2470632,30059,11847913,26619,30725,32846,28606,34830,33107,28338,32309,33103
39,3:15:22,37,33340,31577,29974,31019,29554,31531,30338,35758,28215,33401,428294752,33928,475682368,30473,331625856,29658,33909,32447,235010976,31140,226335760,30084,391371360,32741,30720,33915,102579112,32435,30980,29403,112056744,31235,34823,28336,60122200,30067,78847528,32863,53528424,29951,32681,31360,9609315,30701,2513616,29511,13683200,29515,27527,31228,29509,30830,33616,29776,34142,34011
40,3:20:23,37,31185,31023,30473,34435,32312,32170,35476,30041,30971,26222,418680416,30856,482527104,34817,330153248,30030,33093,29514,236008560,32178,228512960,26621,399059168,32190,29372,31636,105260808,32672,28047,26734,112849624,28170,28181,31751,60849048,31103,78434688,29132,51257592,28600,30009,30542,9237884,29354,2536374,29223,14364271,28168,33458,33456,31999,35570,33719,31467,35696,27234
41,3:25:23,37,32352,32852,34025,32160,29768,31748,29891,33055,34117,26861,426831968,36386,484587968,30422,333028320,29610,31472,29355,237012416,33073,231924752,31095,403924512,30703,31198,30686,104115016,31591,30797,31736,114547512,32898,31464,32916,60458388,37298,75910704,31883,50152192,31223,33162,31449,9457460,28018,2430751,29483,14079560,30654,29599,30526,34750,32900,31578,33824,26025,29723
42,3:30:24,37,29009,29376,33463,30408,30137,30263,34091,27343,35143,30405,421780256,30268,481546240,34751,334544384,32090,34219,32497,237419264,32647,234421552,30539,402420960,33712,31302,26687,105738208,32087,30903,30782,116068528,31548,32094,30240,59261932,34220,74549464,29207,45705628,33569,32733,29306,9090990,31291,2420065,29449,13914606,31944,34588,34318,25870,31282,33794,34317,32337,32866
43,3:35:25,37,32563,31076,27622,28667,30375,30765,33401,30492,31021,35132,433896768,33813,500864352,27591,334078496,28634,29176,33525,237891312,33018,237790704,29593,405073792,30386,29959,33798,103384232,26517,35365,28513,115148392,27569,31934,30218,60002780,35642,73100744,30375,51557244,32756,29541,29414,8796356,33765,2289273,32176,13784810,28885,27300,31388,32445,33761,33763,31918,30599,29937
44,3:40:25,37,36100,31840,32086,29699,29688,33113,29808,31786,31651,34179,429179840,33518,498962464,35351,334850912,30317,31781,30196,237970080,31271,237999840,32469,408242432,29302,31112,29150,103981816,30582,31113,29016,115317024,31232,32037,32038,59588376,33371,73284112,26785,55717076,31535,30963,31100,9054138,27282,2301648,29930,13807994,31230,30836,30177,32809,31756,33734,31624,30172,32278
45,3:45:26,37,30126,31289,33385,32711,32432,32823,29522,29122,32550,33493,428159008,31648,508774048,33085,332544448,30296,32416,30173,238071680,30060,238015056,27562,409974112,31255,35964,32159,105660392,30560,33987,30180,118487920,27391,33983,33062,59831884,35976,72560216,31117,57356440,29930,28831,30677,8859329,32131,2391912,28458,13795911,27256,27653,35424,32917,37129,33970,29620,31199,28829
46,3:50:26,37,35249,26643,29001,34391,32803,33194,26997,28834,30545,35704,431102656,30957,511525664,37928,333639712,31194,30286,31075,236031184,28457,239244960,26092,405933600,27807,31852,27653,110641568,34350,31463,31473,119224808,31844,32777,28433,60552688,29899,71189712,33595,55491376,32935,29338,30790,8777516,27106,2495202,31461,14049338,31178,30393,29994,32887,32362,32098,31833,33149,34071
47,3:55:27,37,29423,30182,31221,31080,28172,29219,26843,31965,32368,35020,442592192,30940,519044608,31193,341939424,32097,29344,32625,239466896,27248,242190816,28832,425896992,33047,30779,31451,105118456,31301,35904,29864,119909056,30498,32620,31171,60164228,34746,73090496,33301,56890752,29617,31417,31030,9079807,29587,2547322,31836,14596297,30629,32997,29977,34577,34181,30499,31025,28528,30367
48,4:00:27,37,32706,29906,29494,31851,29474,34202,29592,33792,30775,28816,441807904,29740,511335232,31303,336473152,32599,31036,34844,238853200,30392,243615600,29737,420676672,27638,29978,32620,103262864,31020,33914,28931,116760136,29565,30106,31943,60573272,29195,71399176,28679,55940280,32498,33500,29298,8802575,31537,2379170,28642,14747444,29170,31930,28251,32587,28510,30746,27327,32845,32453
49,4:05:28,37,33343,36599,30396,31433,28927,31944,32727,35221,29044,30905,438097568,31427,520832192,32863,335260128,33105,31018,34167,239374944,32214,244836384,31037,429624160,30775,30745,32469,103297632,31264,30215,33774,117927816,29939,29557,27455,60950912,34697,70670080,29714,50064648,30507,29933,30724,8938883,28101,2445460,32301,14933991,30598,33743,28495,32169,30984,34532,31511,32168,27311
50,4:10:29,37,31601,32757,35105,33385,29822,31527,27582,34535,32696,32715,432271040,32320,506991552,31783,344112928,31107,32040,29807,241439648,31535,249399120,26155,435248800,32989,31111,29549,101693960,33077,32555,31780,117069592,30706,30191,31635,61354000,33099,71342224,27592,31551822,32452,36075,32536,8716065,29652,2263389,31357,15208318,27818,30178,28868,32142,36341,31490,30306,31751,33717
51,4:15:29,37,31981,32736,30617,34677,29939,34132,32554,27692,35045,27316,430507008,30995,508803904,33081,337135616,30434,32809,29133,240306704,31117,248516336,31910,427482400,30077,30701,31764,104064024,28859,34764,30185,117888424,29377,31618,31619,60864392,32159,70204032,29014,27547494,33351,30948,31085,8662598,31085,2424322,29128,15094709,31077,31212,29902,32915,29374,28193,30026,31865,28977
52,4:20:30,37,29463,30355,33363,32295,28217,34640,31487,30692,34373,35050,430413504,31372,520009536,30442,340075168,32518,33575,31346,237739104,30841,251283984,32423,431718528,29800,29640,30046,104185672,29634,33831,31614,116825936,30674,33571,32127,61948564,35425,69808568,32285,26663972,34253,28835,30936,8493353,31072,2320304,29246,14834834,29491,32640,29102,31590,33683,34080,30410,35780,30538
53,4:25:30,37,32209,32836,31247,31757,26235,30691,34620,31466,36058,34242,430656608,28466,504774304,36064,333140384,33025,34610,31065,241433760,32397,254327712,32410,435714304,30443,30804,30819,102466072,30534,33159,28585,118084568,32489,30538,31193,62227572,31073,70937024,30301,27022742,35809,30130,26729,8397437,29482,2381056,28050,15197911,28298,31577,30920,32619,32749,29084,30393,30918,30131
54,4:30:31,37,29031,30579,25315,34484,28837,28966,26732,31837,31181,31462,430851136,34736,498351968,29744,330397056,27765,29216,31705,237655872,28838,253184848,29371,428872640,27930,35494,31579,103696440,32216,33006,29216,117532552,27363,32873,29996,62067216,34601,68419440,33689,26043670,26741,31808,28933,8127249,29199,2521984,31964,15008604,32205,29981,30637,30114,32599,32601,29323,30367,29842
55,4:35:32,37,28887,29782,29240,33164,31052,32224,32478,29591,31690,33804,426746176,27647,490901728,28031,331602880,33251,31819,30640,235989536,30788,252646256,30533,428038048,35912,29718,31172,109671480,32199,32989,30774,114724384,31797,35211,31548,61336484,35500,67932408,27780,25552964,28693,30477,24723,7960328,32835,2332394,27866,14617222,31011,28915,33368,35194,35981,35065,27213,33363,25639
56,4:40:32,37,31101,32519,29356,33665,30641,33649,31808,29707,29192,32742,431705280,32086,484741408,30113,334814240,33492,27483,30885,237591952,29723,260227184,28554,425409984,31435,29179,31025,103580584,32707,29436,29316,116339608,28641,31791,31528,61726952,34290,68842536,27631,26056014,33132,32690,32827,7985030,33095,2243907,32849,15399014,33481,32042,33093,32438,30603,31258,29033,32171,32431
57,4:45:33,37,27020,31845,28553,29327,29053,33756,30349,32564,33358,33112,429594208,32854,485964480,29966,332183904,29814,30084,29691,237799648,30099,264262784,28404,429181120,32854,28378,28653,104112104,35170,30333,32832,119344584,29274,30468,34521,63098104,37279,69266488,30492,27015492,30492,29274,30848,7877254,29936,2285590,32173,15513032,29408,31629,30978,28886,31759,35422,30192,36202,30584
58,4:50:33,37,37096,27632,32065,30616,27860,35180,32167,31506,29678,29306,418328384,29299,482966464,32951,325365632,28360,30717,29934,244134112,30478,264853760,30618,435196672,27610,29537,33734,106793360,30837,29275,31640,120284128,30699,31493,32802,64014880,36484,69991328,30739,27775880,29433,30954,30174,8100418,29917,2410972,32415,16708403,30438,30312,34230,29784,31483,30696,29389,32654,28603
59,4:55:34,37,30003,30371,29564,30471,26149,32154,27707,30188,31232,29159,421993312,33338,479616896,29670,329995168,33698,28219,32010,242189792,28364,260191616,34917,435280448,31907,30437,28886,106212312,32912,30561,27829,120263264,32382,31215,31867,63341648,30190,68931504,29419,26537040,30725,30936,27156,7859334,31341,2371892,28481,15994716,29376,32379,33041,29249,32383,29377,29377,35771,33551
60,5:00:34,37,35220,33358,29945,30848,31357,37358,29647,28201,31344,31491,423776864,28614,469784608,30565,333091552,31070,33556,30291,240928176,32787,258449696,29530,436976448,29532,31462,28731,106966560,33148,32763,26114,118966864,31965,29369,33679,62835240,34864,69205456,28215,26939006,32660,31832,33009,8003620,30538,2389367,30159,15785882,33537,27138,29493,32229,32489,29226,30137,30526,31049
61,5:05:35,37,29701,26671,31623,31089,26901,31331,29500,31842,31710,30554,426137504,32772,479010144,30153,330932960,33528,30278,31839,239337472,34335,262845600,30032,435132960,31213,34703,31194,107074832,30778,29218,30536,120574528,32204,31705,33789,62652092,31581,68185448,30549,26088442,32899,32457,31293,7449164,28815,2331799,27384,15416815,29207,29071,30645,30510,37687,30256,33515,33644,34681
62,5:10:36,37,31648,31626,29256,31599,31197,34050,28308,28690,35476,32498,435325312,33013,481624096,30270,332049440,31033,32743,28695,240760032,35885,269958336,30150,434338752,32503,34558,31049,105899512,28156,29205,28170,119003272,33228,30118,30119,62249404,31961,68368376,30929,26147344,32237,32578,31149,7208340,28159,2269640,30129,14962770,30754,32187,30895,35716,38063,33108,31281,30625,28798
63,5:15:36,37,33858,25732,33158,30794,29217,32466,28030,32322,33239,29739,432908000,28565,493109408,31161,336682432,32314,29196,31024,242643536,31429,275322912,32351,434585792,29740,28934,29595,104511704,29705,29712,30633,117062944,28132,32315,30492,62821016,32200,67253336,29739,26083872,29479,32031,27216,6878608,30862,2069443,31000,14326608,28136,29566,29832,34912,33088,31781,30609,34122,31512
64,5:20:37,37,31102,29508,30923,28951,29853,31149,30754,30361,33221,32461,436225280,31413,491223424,31277,332936064,33993,32315,26456,242180976,31027,277610144,31812,435181824,31293,32441,30234,106293856,32946,31779,32308,117044832,31241,27872,28652,62864836,31929,67526472,31685,26500206,30642,33715,31117,6911090,31772,2154800,29314,14094545,31639,36066,34641,28389,34506,30341,27082,32940,28768
65,5:25:37,37,30952,26619,31556,34022,30103,32697,26960,28129,36331,30233,442703008,31141,506212704,33736,336039232,31636,32556,35425,241565744,33619,276581952,30104,428730400,33758,32294,32432,104636560,31362,36056,30343,118895632,30321,31508,29291,61102312,32175,65601408,32831,25512340,31275,35642,31878,7009514,30837,2086322,30318,13930930,29670,32917,31883,32794,29799,31882,32015,34358,29928
66,5:30:38,37,31195,29472,28805,33225,30091,29422,30724,33054,33448,35946,436230144,33207,504760576,32027,340773600,32394,30454,30582,244270064,31381,280622464,30478,438248416,30611,34221,29812,105827024,31355,28497,32151,119805464,33813,32657,34876,62209348,30731,66276360,28525,25317146,30083,30562,29267,6794254,35248,2338712,28756,13270483,30823,34727,30437,33294,33032,31603,31993,31340,30559
67,5:35:39,37,28303,32579,29568,31512,27204,35909,30572,29914,31473,31234,433695744,31752,507034080,29400,335756352,31462,29524,29138,242947024,29675,280821056,30203,432578592,28510,32904,31613,106292576,29639,31854,29395,117506168,29112,31080,27310,61138184,32789,65321972,32929,24871226,27463,27418,27552,6622545,32229,2157458,30931,13868700,31583,33915,30805,31325,34833,29763,32364,30806,28460
68,5:40:39,37,33115,31782,33587,30193,30316,30827,26401,30558,31464,30964,441216960,35380,523236576,28610,341844192,29501,34323,30038,242212384,36039,287392736,29670,428973312,29151,29899,28348,105150664,30669,29371,31336,119532904,31962,29901,28861,62095376,35375,65985580,28880,25228222,28749,33904,33124,6360097,30008,2296032,29226,12915259,32344,30137,31441,28581,33391,31700,29231,34687,27152
69,5:45:40,37,30362,28772,33050,33037,29004,31461,33932,33401,34307,34331,441802496,33422,533226592,30422,341659488,32869,31581,34058,243838400,26007,291643040,31344,428067296,32254,31704,29765,104509344,29744,31700,27292,117860696,32078,33782,29494,62266436,33151,65805028,31336,25358872,34066,29606,27403,6602121,33112,2264216,34021,12633586,34412,28437,30909,33242,35448,31943,32595,34154,26880
70,5:50:40,37,35437,29025,28097,32896,31843,31703,30140,31431,32479,30676,448962144,30416,573006080,27675,340603200,32069,29223,30266,250014144,29889,298282944,33929,441219168,30811,29995,32739,106977680,29472,32725,27671,119057144,29077,31424,30776,64845864,36249,68138712,31061,26449716,29502,33217,26862,6826395,30372,2405517,30759,11015297,31673,31146,32450,29850,28946,31281,29982,31542,31407
71,5:55:41,37,32028,29529,27694,32625,29757,29098,29224,29347,33766,32614,462197376,29622,561400448,31559,346301696,30243,33369,28306,245573840,33255,299746176,30794,431619264,32095,26870,30258,107243312,30498,30243,26359,118582488,30490,33102,30898,63843280,31300,66553992,33651,26350980,28968,31131,29705,6561311,29842,2319897,28023,10060407,26470,30100,30618,36066,32045,32565,32562,33856,29710
72,6:00:41,37,30072,28617,30548,28458,28581,31952,31039,28306,26620,30148,448702432,33651,558980352,34416,344952000,29977,32332,31812,248205136,29358,305717408,29891,446599168,28331,31023,33634,105823752,31663,32835,29343,118572736,29188,33619,31284,65348244,31427,66886584,33386,26848272,29490,31132,27502,6580468,29060,2331005,29186,10451030,27373,34117,32566,30616,29709,33082,31396,32561,30093
73,6:05:42,37,28385,29657,35105,32882,32220,30653,29738,26617,31679,29878,472524352,29624,570448000,31949,351359136,29979,31942,33242,245933248,33259,302132096,32616,428792192,30673,30505,29089,106325848,32834,29462,31164,119584984,28023,32321,27521,63435476,33507,65653672,30791,25552154,32089,30614,28931,6284266,29059,2181736,27761,9325321,31394,34122,32570,29324,28286,31662,28024,32570,29451
74,6:10:43,37,34247,30574,31076,31064,32355,32994,31173,28697,30253,33522,482873024,32217,566195456,31302,345337632,28819,35318,28956,247832336,31830,304596960,31704,435477664,33525,32065,29610,107220696,36078,31149,29343,118050560,29062,33104,27653,62373592,32602,66383004,26898,26103798,34174,30746,30097,6213488,30748,2237898,29973,10090425,29583,32958,32961,37239,33344,34256,30230,32570,28159
75,6:15:43,37,29562,31222,27175,32886,30535,33904,31173,33893,30778,28586,445107552,31964,570388544,30391,341056448,27516,35450,32596,249895920,29756,310603744,29366,446138752,30928,27522,28183,105665608,32446,27519,34021,120052728,29455,32842,31027,64611464,32346,67734088,31316,27141436,32616,31780,29709,6419452,28412,2517016,31915,13495539,31402,31787,30491,29448,31787,33085,28411,33991,28410
76,6:20:44,37,29567,32794,30565,30164,36259,35342,33650,27665,31300,32747,444603712,29110,587531392,31831,343200416,30638,30260,31300,249236112,31321,309479904,28982,431274688,30803,32070,32478,106521264,31674,30637,32988,119076024,32315,32072,27397,64043020,33648,66169340,30282,26881658,29759,30105,30366,5991674,29590,2439284,28811,13102382,29983,29455,31148,29718,31793,34523,29459,28938,27250
77,6:25:44,37,30867,30448,30047,31856,28464,34302,32349,35850,32213,30543,447163488,30019,589875712,28580,342738912,31550,28447,29744,249125120,27290,312168832,30676,436276416,28600,31294,29360,105962296,35182,29991,30783,118959072,33354,31030,31811,65485888,31831,68183248,33660,27322776,32357,32434,29585,6170592,31663,2483848,31662,13478524,29587,32840,30110,32312,30627,34651,32958,32184,29328
78,6:30:45,37,32048,31238,30961,33948,28858,31968,26509,30011,29230,31325,450472928,27165,591001600,28975,346512896,30519,28579,29487,250801600,30410,320735200,28342,439352352,28084,30520,28977,105709936,34801,30647,31180,120270968,28820,30390,30261,64617316,34307,67437176,27558,27049044,30025,31924,30631,6202982,30244,2572283,26738,13261132,29469,31541,30636,31801,32453,28297,31411,35177,31021
79,6:35:46,37,34526,24862,28099,36414,30943,33402,32488,31960,34298,30031,472805504,31065,586688960,29238,347103872,28572,32480,29490,251547952,32239,320528192,31467,442337088,32900,29614,24562,106395000,31557,31560,33133,119968232,31158,30260,33639,64211516,33530,67281200,29379,27145796,31850,32447,28556,6134644,31283,2613236,29208,12878403,31675,31158,30117,33229,34788,29727,31416,33230,26998
80,6:40:46,37,34268,30201,33433,31990,28993,30022,30669,29622,31831,29122,447178656,33020,586555520,30281,343928608,32214,31705,31184,250476240,33154,322064480,29774,434560576,30946,29743,29498,106604656,30388,30134,30530,117722560,31677,31954,33900,63801520,35221,67112080,31721,26748940,28598,27646,31541,5832948,31675,2277768,27262,12035767,33364,33235,33498,31287,30772,32070,33621,33752,29987
81,6:45:47,37,29571,31240,32524,35633,31200,33271,32748,32997,35214,32111,447846624,29509,580138624,32230,346595200,33638,32355,31319,250872432,30033,330941856,30686,437060384,29387,30393,32095,107354368,33891,31559,29103,120554280,30768,32601,29094,64360188,28983,65892596,30029,26784100,29767,30503,30895,5946136,34146,2363968,32455,11731797,29604,34141,31681,32327,32844,33755,33493,31030,29338
82,6:50:47,37,31916,35529,30700,30302,27948,30410,29371,32478,33129,30678,436530976,31972,588596224,32746,341250016,33765,30792,35855,251396880,33533,320408896,30293,439916608,31596,33639,31053,105461232,33370,27665,31309,118214064,30248,32860,33113,65574544,35212,67845480,33402,27346060,30801,30629,28424,5725824,33228,2499727,32317,11588938,30632,29855,31937,30504,33360,27910,29469,33101,31152
83,6:55:48,37,35162,32529,32639,31720,31837,32609,30914,30517,30523,34437,450861408,30014,584110272,30656,334110880,30507,28831,32466,247092560,30797,322707808,29500,432770912,31716,29993,28965,104846632,35048,33886,30522,122216064,32312,33889,29083,62914320,32220,66260268,28462,26197600,31058,32954,29710,5552000,30105,2224874,32831,11145359,28161,26341,32572,27901,31788,30753,28158,36333,30493
84,7:00:48,37,31631,30170,30419,32489,34290,34541,29471,32836,31549,26890,434333376,31169,587232704,34018,332004576,31141,32455,30895,247859872,34413,329523744,32609,440812416,28841,30626,33493,104624048,30488,30752,32711,122683768,29701,32959,27769,63673308,35446,66403560,31818,26241912,32468,29957,27622,5495682,30350,2320820,28535,11047014,30870,28277,33209,35021,33595,32946,30608,33593,31385
85,7:05:49,37,33696,27555,27409,31949,30639,33487,33743,29583,29453,30250,439049632,30898,593130496,30239,329380384,32163,31792,26860,251968640,27393,326155936,30771,442541664,28048,30868,30753,106840520,31902,34888,28674,121950288,30337,33210,26981,67267464,35304,67892440,31159,27910736,29858,31755,30852,5830226,32926,2554983,26964,10989805,30596,32155,31897,33190,30985,34483,29944,32150,29429
86,7:10:50,37,31595,32085,31806,32699,30226,32423,28529,32797,32280,32302,463616192,30873,592972864,31252,335178624,30198,29826,28651,247827760,33725,325107200,29321,436187712,32436,30202,29306,114660504,28895,31363,32930,123894640,28112,28520,30200,66379076,33328,69103752,35024,28042786,29578,31347,29016,6382460,28628,2283170,31608,10809968,34461,33423,29668,30315,35107,33812,26943,30701,31737
87,7:15:50,37,32483,28299,27765,30865,33448,30200,26437,36534,31740,29425,461233920,32017,605880576,32913,334051232,31604,33301,33945,251091872,34483,325121952,34487,434786112,31249,27070,30194,111043160,32246,32381,30449,124391632,32756,28630,28752,66220556,33429,67694376,30982,27747462,32147,33002,30414,5339752,29251,2243593,32746,10122881,32111,30164,33920,36247,30810,31843,29388,31201,28872
88,7:20:51,37,27789,33211,29563,32272,31485,34327,28366,36517,33278,31225,450539072,31228,602459008,32118,389400032,34171,35096,32502,251522816,35112,318213120,33562,446210336,33566,30421,30563,105822384,30804,31454,28746,126826528,29500,31074,28094,66122708,30830,68580864,30965,27726500,27853,33375,28589,5434100,28978,2354933,26005,10596832,31441,30923,33772,29758,32729,31825,31178,32860,33248
89,7:25:51,37,33095,28787,32268,29924,30301,30682,35469,31835,31963,27970,450306304,31465,597463872,32750,403736384,31568,30288,33906,252114560,31850,309492192,32898,439296128,31339,29367,29897,108349696,33888,28591,30674,125482144,32464,30666,31437,66416952,33784,68020968,30943,27779544,35609,29866,27929,5417798,29997,2500405,30382,10556145,36595,32070,29358,34659,36598,32586,28448,30778,28964
90,7:30:52,37,27754,33948,30950,30939,27562,31697,31177,30907,27937,25755,440573184,30153,578241600,33761,392017472,31546,32334,32204,249181920,31182,268779776,30153,443200064,30031,29612,27814,106632856,30899,34654,31041,126197040,30502,27286,32582,65949284,31822,68115624,34938,27896648,31570,32816,29846,5244002,29332,2227249,26235,10467572,29467,33342,32051,32305,29593,31789,31011,31273,29463
91,7:35:53,37,32276,30304,32360,32995,30787,33493,32585,33610,32837,30270,431707296,31689,585021120,31939,390488256,28822,30900,31930,250552592,31558,240741056,30013,438459392,30921,29856,27023,106058256,33988,31663,28960,126066432,28418,34123,27914,66744256,34913,68133200,33370,27231002,30787,27638,35520,5221643,29836,2258587,30356,10398608,29456,29968,32423,30354,32807,28158,27771,29322,27642
92,7:40:53,37,34209,30943,31573,33119,29486,36588,29991,31659,31534,31293,434569536,31423,580579840,34123,387966944,32294,35797,33344,250353744,28571,141925888,32200,443141120,30653,31135,30244,106534424,31518,30226,31404,128003768,32542,33335,31005,66446688,31154,67608200,29222,27557186,31292,29306,32922,5087139,32794,2303808,29698,10230531,30861,32022,27767,30088,34996,33059,30991,29700,28922
93,7:45:54,37,29920,35071,32077,28702,28691,33595,31526,28936,28032,29598,443479808,30633,586110144,33594,390771328,31121,30874,30354,251389504,33215,122833536,27406,441630144,30898,33058,30748,106733576,31887,31118,27899,128877728,32526,32027,29185,66063620,32174,66252596,32311,26916816,34640,29678,32390,5072461,29036,2205192,25942,10506576,30591,31367,29170,27491,33039,30463,29555,32139,33815
94,7:50:54,37,30690,31696,28574,32052,32172,33971,29835,35510,32411,31014,437079552,31136,588624384,35131,387304896,32274,33061,32025,252589312,27902,117018696,35406,439457568,32179,36663,34098,107462544,33947,31497,26856,130138552,32129,30602,31889,66169932,31649,66175316,28941,26792674,29846,35992,29934,4946234,26449,2443568,29676,10530390,32259,31744,35485,32257,37292,30192,28386,34323,30059
95,7:55:55,37,32882,34149,30768,30759,28420,31902,32159,32796,29175,30228,441636992,32033,577035776,30607,389887744,27364,32538,28661,251022944,34485,114046256,27648,440808096,30879,28786,31122,106848224,32264,28396,31632,127730960,32258,26075,29815,64788084,31900,65229776,30617,26246818,35005,27602,36247,4743523,29281,2339776,29024,10424006,28900,32251,32642,30961,32898,33414,27611,32768,31864
96,8:00:55,37,30027,29096,26882,33589,26474,30080,32661,29687,31753,30220,448250976,30863,576337536,30341,390020288,30970,34727,31367,251632720,32414,110383496,33970,441358048,30613,28130,28788,106299448,30061,34581,30333,130116824,34826,29682,28771,65558268,33434,65878172,32924,26264850,32674,30298,29272,4698028,31598,2373334,28502,10407466,34572,33018,32504,30820,33530,32370,29143,33013,31983
97,8:05:56,37,31702,30898,30495,30999,33181,32397,29297,33034,32129,30081,458178368,31887,579788672,32138,386248704,34960,31484,33678,254225552,32921,108562168,34093,440730368,32804,30188,25424,105292592,32244,31476,30327,128800880,33271,30831,32765,65227816,31754,65076920,32276,26142138,33828,30681,32101,4672611,27717,2232383,30171,10292252,27852,34556,29659,31975,34812,34944,30943,31202,31199
98,8:10:57,37,34413,25079,35398,29057,30727,30590,29810,30451,32642,32533,444997920,31111,576878656,31232,387554272,31989,29289,31608,250381408,30211,103181336,31247,440341312,29051,28763,28259,104452248,28372,33150,29933,125800368,30171,31734,32371,65375016,35874,65556260,32915,25274504,30079,27454,30293,4413642,30423,1995129,29521,9681733,32748,30552,28492,31971,30681,27977,31711,36738,28487
99,8:15:57,37,31558,31015,32288,29566,30076,31358,29807,31605,30188,31237,447693120,34458,549747712,31480,384887968,28889,32123,30962,253500096,32656,101820520,32013,446386496,28015,31339,30320,105455208,30689,30825,26835,126516472,32229,31080,33656,63817980,33161,65807704,30845,25644760,32009,32604,29515,4617080,32478,2137314,29131,10397621,32740,35708,30551,29776,37380,33512,32734,34799,30802
100,8:20:58,37,30649,27911,30480,28531,32783,32642,28251,28760,27471,31615,464980192,30710,551759616,27604,396617888,28362,33277,32117,253021376,27486,101140992,26847,450497216,30077,29525,29926,105368408,31455,28493,30051,128249256,27966,30558,27849,66343988,30317,66381948,32647,26496696,32132,35439,31570,4617520,31313,2236192,33117,10409451,31186,32860,28610,35568,31960,34153,30027,35439,29125
101,8:25:58,37,31676,28419,26855,32786,32127,28635,29533,29915,34941,34573,450379712,26058,530360704,30045,389754304,33385,28885,30430,251542432,29415,97820768,32131,446550816,30712,29647,28758,106042120,31187,37121,27466,128504048,36076,32873,26684,66198104,31212,65337620,30060,26336780,31093,29237,29497,4700756,27951,2460794,30143,10446481,33242,29888,29894,29372,32726,34016,29630,30278,31691
102,8:30:59,37,32304,34986,32517,29798,36753,30813,32996,28480,37372,31590,449836512,31074,524040768,34285,389031296,32723,29772,33630,252246128,29781,99228376,26437,457074720,28368,35559,30936,105289960,30656,31176,28866,127536904,30519,30793,31561,67615032,33513,66248976,28108,26369352,30814,33088,30643,4633025,31544,2317459,27812,10470064,30006,33349,30650,28458,34251,28976,31419,32450,29483
103,8:36:00,37,32685,31881,31217,32885,31325,33250,30800,30149,32725,33517,441343328,34417,465781984,29895,381026592,36454,32214,28861,249846528,32484,96039296,33006,451742752,29009,29109,31701,104708480,29234,32715,30023,129146520,32061,33746,31168,67249200,32476,66214312,32229,26487280,32614,31662,32309,4478272,34244,2297744,30129,10449784,31290,31283,32702,32440,33214,28838,34242,33727,30124
104,8:41:00,37,34752,31492,31220,34042,27331,28997,28605,33367,28857,31965,446141312,32991,385092544,32343,382537472,30780,31696,30017,253826240,35833,95708784,31975,456174496,35199,33743,31183,106191808,34252,29747,30405,130243800,28964,28077,32065,67522112,34531,65262904,31062,25918866,30160,31273,34489,4720550,29989,2394940,33211,10269203,32830,32820,33340,31019,32952,33856,29345,34365,29477
105,8:46:01,37,34608,28640,32497,26424,30671,30405,33367,33096,29622,33375,443156832,30538,220768624,27437,375840192,32830,29752,30653,253156816,28864,96931000,31060,460510528,29000,30646,30402,106857848,31927,29228,33619,133161304,30503,28715,30000,67853752,30787,65019144,28093,25733374,31183,29850,30369,4469438,30500,2361864,31401,10815019,31145,32046,31662,34487,33587,29469,30496,28951,30369
106,8:51:01,37,31112,32373,28619,31828,32590,33095,30134,30129,32704,28600,459567904,30530,215419232,32069,385353888,28186,28976,33089,254709392,31561,99262592,31826,462859104,34402,29090,31034,106139536,31917,33982,32191,131842896,32168,33725,31406,68196376,28591,66721756,34009,26917698,28984,29328,27657,4624442,34480,2419368,31264,10137683,31266,30491,34998,31904,32423,31524,32936,30103,29459
107,8:56:02,37,29806,31588,31956,30397,30002,34502,27803,33462,30756,34894,453351616,33606,217170752,26904,382973728,28943,31146,30887,254134736,33091,97261224,29877,459448576,30396,31261,29986,107701896,30867,29588,28826,132266688,33692,30360,36792,68269512,32951,65751924,30902,27073222,27298,28413,27127,4600530,30346,2238081,31507,10444161,29064,29833,33175,30218,28289,30601,32272,32274,28030
108,9:01:02,37,32642,30291,30278,34773,25748,31403,30499,31523,30622,32699,447384800,36948,222365088,32304,380205216,32414,29471,34227,252297104,34506,95874976,30130,458379872,31546,30228,28569,107063800,34854,29584,30752,130560416,29833,31133,32799,68278192,33978,65326032,31799,26605940,28581,34965,28410,4470640,28926,2302090,28281,10442941,34074,32658,33173,29056,35230,30217,30731,35997,34198
109,9:06:03,37,30447,30676,29500,29490,28576,31787,31654,33322,33451,30251,461567744,32055,221906512,29340,383599904,31767,28823,29595,255051744,27418,97075184,28330,465594592,32836,29843,29082,107498600,30862,30227,29850,131399808,32269,27657,30225,67960248,37707,66162956,30252,27462696,32827,31616,32134,4437974,30593,2241656,30340,10526589,29697,33681,31239,36250,34194,29052,32908,33040,31239
110,9:11:04,37,27866,31833,32331,32194,31405,32815,28309,30103,33449,31279,466428416,27931,227053680,34998,385414112,29579,31132,31389,249518528,30117,93415384,30121,449440128,32443,31891,27664,105956352,30215,31635,28302,125418800,32138,34594,27649,65479968,33841,62050720,35399,24593036,31664,31486,33159,3857752,32516,1988609,30592,9490642,30594,30336,35867,32005,31366,34452,31106,31621,29307
111,9:16:04,37,29017,28865,27947,30124,29470,31521,31391,31641,33956,31531,443654368,31139,222070480,29844,378445056,31756,29452,28811,256513712,29338,97420960,33979,469997888,31023,29961,30743,112741968,31623,35357,31385,131888784,27377,33046,25971,68917832,31264,64954132,32560,26654152,30245,29428,29941,4470163,29300,2469452,34571,9956737,33419,33412,30976,34184,32774,35474,31999,32000,28146
112,9:21:05,37,31084,29898,33227,31672,33077,29724,31393,27653,33696,30112,455794208,30240,221256560,30493,375722400,32788,32540,30355,254092464,28823,96706736,32561,466004192,34238,32789,29590,110813616,30985,29830,33313,129227440,31360,33436,33301,67463336,34351,65227424,29211,26122160,35261,30967,29941,4304174,31745,2274338,27762,10277454,32906,27760,29436,35858,32004,34447,32260,31877,27249
113,9:26:05,37,30053,28993,33227,31025,32432,30234,30873,30740,34730,29730,440174656,33720,215549568,30623,380419360,30860,34601,31903,254793456,31271,96186592,31537,466735616,29220,30733,30745,113291192,31627,28159,30616,131229552,30205,26744,30730,68249072,31652,65588260,32178,26206092,32692,35729,28790,4383456,30332,2304357,31491,10745141,29822,32651,34834,32901,37914,31748,27504,32003,31362
114,9:31:06,37,29409,32087,29233,32577,33466,31911,33706,28297,35380,27546,444712960,34627,214543744,32685,380293184,30604,32420,32931,254830064,32050,94817360,32437,466368896,30382,30739,30882,110195792,32531,31638,31777,126635704,34193,30738,29964,68054032,32302,64698852,30116,25279288,29344,30972,30077,4100514,30077,2233820,29952,9813543,29182,32648,32521,30466,31880,33678,33935,29691,30849
115,9:36:07,37,28510,30935,26924,33997,34887,32819,29724,31137,32678,31022,447633056,28446,219126672,30107,380684416,34079,28433,31131,254809248,29218,96746280,31282,469056608,33351,30610,30623,112207032,29447,30222,29717,125818936,28412,33829,29837,67670784,32177,62584468,29865,25220396,28834,30973,26351,4302137,29564,2184547,30595,10350617,30468,33809,29182,30596,36123,32910,27639,33037,27893
116,9:41:07,37,31348,27198,30788,34641,33211,33719,30498,34223,31134,29608,453249184,31019,220514960,32042,381288128,30480,30878,28303,255134352,34498,96104504,32703,469697888,29097,30739,30620,111009416,32530,31254,32417,127026040,29440,31122,33438,67042588,35775,63375748,33078,24930436,30246,32132,28404,4324012,30851,2145385,32648,10380150,29696,31107,34969,32137,31239,32523,29308,33164,30466
117,9:46:08,37,32242,30928,29364,30900,30112,33325,27659,30483,32799,34106,456766368,26382,219828000,31389,388753824,31375,32418,28809,253530304,28570,95772440,32179,464073248,30896,30991,30488,110774120,28669,32018,28939,125650256,32776,32151,31890,65171492,31009,62697028,29856,24153246,32558,34696,31103,4023591,28145,2186074,28015,10312723,30077,31106,34059,33541,36884,28149,30973,30075,30331
118,9:51:08,37,28116,34666,31425,29742,33072,29983,32165,33445,29585,29215,454931008,29211,219744064,30359,388450240,31505,30100,29072,256992464,29859,97153008,33340,473801504,31799,33177,28173,112107840,28541,29447,30357,127283816,31750,32280,30090,67433616,37184,62805092,29723,24895076,31527,30455,30072,4030681,32001,2179610,29301,10662801,34575,29817,30077,28917,32516,32645,33417,34703,28917
119,9:56:09,37,31470,32988,29618,32571,34358,34483,31005,30741,34216,30757,456730272,30883,222759248,33447,389079936,32918,31771,32157,256458304,35905,96102568,28705,471200672,33213,33818,30488,112585296,33295,29574,33570,125028680,32901,33817,35359,65603656,33447,62619088,28052,24132432,30756,30455,29558,3965142,31230,2037892,30073,9997634,34830,30332,33290,34571,31105,32262,29432,32901,28532
120,10:01:10,37,35855,28992,32193,31409,28825,30236,29583,32020,32798,31013,459071584,31529,221626656,32031,386648064,31113,30227,33187,259606928,35902,97997232,33208,473432832,27162,32018,24186,113614048,28540,31634,29583,124652784,30331,29450,27901,66269056,32683,62482260,31917,24550170,31787,31613,29300,4048245,28786,2185945,30458,9840102,30718,29433,28659,33801,33927,35852,27500,35727,33412
121,10:06:10,37,30559,31049,33351,35657,32427,34607,29844,29194,29964,28953,454431872,29851,221594576,30489,385326432,30605,31384,33955,256958896,31138,95161336,31533,470789440,33211,32914,29329,112826472,30849,34712,30740,121261736,29687,33944,30728,66819820,34862,62315004,30367,24142898,34226,33150,31357,4031456,31355,2190567,30458,9838161,34060,31485,28020,29303,38425,30971,31871,30588,30070
122,10:11:11,37,33397,30920,33734,27547,33199,34219,34085,34719,29064,29851,481585056,32296,226780464,33187,390499648,31111,30738,31512,256653392,33840,96007440,30891,474830432,31403,32400,30741,114112920,31365,31372,33310,121287904,30199,32011,27771,66390340,31777,61142560,31013,24569978,35771,35332,30451,3975322,28267,2187822,34177,9957923,27501,32384,29301,32511,34821,32384,29554,31995,28784
123,10:16:11,37,27593,29762,33475,32050,32422,33188,32413,27392,32410,28952,460686432,33319,226650192,32155,390520992,30857,32925,31254,255030192,34485,95427336,36807,467725024,31917,33685,30742,113251152,33551,33940,32022,118262888,29813,33686,32010,66076272,32803,62422560,31010,23948082,31651,31220,30063,3848307,33919,2073830,28141,9761278,26602,28399,32252,34692,30841,32256,29553,31609,30322
124,10:21:12,37,31331,31049,30513,28315,32939,29844,29839,31763,31890,33194,480180416,29717,222873808,32155,382096960,33548,34209,34332,258456416,32035,95541520,32425,472471744,30244,32395,31767,111395488,29435,27894,32534,113290464,30843,25711,30465,64807860,34343,61018192,30622,23559418,32033,35461,30196,3937089,31224,2022463,32253,9564176,28655,30199,31612,31995,30709,28782,34181,31608,32763
125,10:26:12,37,31720,30403,34504,32563,29199,31383,31633,28669,31117,32162,476781248,33445,226106576,32665,379369120,30204,30088,32528,259022640,33317,95436904,33712,473418144,32431,33422,30604,116584296,29685,32389,29183,112877456,31988,32268,32005,65969156,33182,60873248,29591,24402082,30487,33269,29547,3878924,31218,2184066,28140,9864248,30967,30450,30839,28907,35462,34179,33146,29164,28521
126,10:31:13,37,33259,29110,34499,30885,29201,30097,30734,30085,32786,33446,465018368,33831,222526160,30091,388842176,32513,27646,35490,255596384,30618,95019256,31139,465395968,31782,32391,30477,112717128,34183,34317,31114,111227736,29418,33676,33029,64894320,34718,60771432,29068,22916726,32930,30699,31471,3732572,32756,2106726,29419,9745226,30835,29679,30960,32630,30703,34300,33272,32503,25691
127,10:36:14,37,34287,32070,31794,31009,31643,34212,31889,32139,30467,29714,459350528,29194,219227088,29056,389872096,29170,30212,31620,258558160,31771,95265696,29845,461454912,32676,34311,31117,113761904,35975,31099,32006,107653280,28132,31101,25312,66262316,35363,61213104,33569,24059338,28554,32237,29927,3822728,26589,2212670,28002,10300975,30445,30313,31088,31599,33268,32242,31985,33784,29028
128,10:41:14,37,35055,30386,29599,32929,33048,33944,32137,34443,29945,31379,487554848,33947,223381584,31622,411117056,28268,30722,33675,261348624,32920,96611320,30743,473245568,27786,29810,28539,115249072,31604,32123,29436,107409536,31726,30197,30964,68396544,32397,62207628,33181,24833702,34336,31972,30049,4036863,35440,2271849,31723,11221446,30952,29283,30310,30565,35831,34031,32237,31978,32873
129,10:46:15,37,27703,36047,28694,29199,29573,35094,32778,33412,32255,30344,489515648,32403,223529536,33934,414923872,35455,27761,29686,260754416,31113,94627144,31123,464292672,33055,32122,32134,116346968,30187,33919,33289,101871368,35061,32501,29935,66927520,34322,61052456,27000,23709150,33174,30684,32870,3698151,31971,2121543,30689,10652070,29409,30691,32103,33129,35440,32873,31205,35954,31202
130,10:51:15,37,30651,32429,29583,32525,28144,31482,31221,34035,30958,31360,480350112,32901,223671008,34308,417136000,31461,31986,29934,259916880,30974,94998264,32142,463907232,31111,29923,27492,116175480,29658,33002,32114,104249240,26440,30690,31720,68102000,34821,61222480,30715,24390032,32514,30674,29135,3692382,30163,2227637,32605,10164342,29651,31577,35941,32087,33502,28624,30164,31062,29136
131,10:56:16,37,33742,31007,35748,31498,30583,32762,29673,30951,32748,30454,470056352,30842,222282544,30575,413714368,32867,32754,33137,260924960,30455,95610800,35860,474079008,30592,29403,32112,115699712,30041,25935,33269,101220264,31058,33638,30944,66394604,34172,61308692,29556,23897056,31098,31822,30671,3692924,28232,2127048,27337,10523402,28879,30543,32215,29258,35037,30928,31569,32598,30289
132,11:01:17,37,30772,32418,27385,31876,29163,30701,31852,34286,32488,29423,455650528,32373,221703808,29794,413870272,34145,31849,29920,261414912,33788,95413440,31224,463034656,33417,35559,29155,116182160,35042,30298,32874,103497696,32721,28884,26960,66207384,33781,61440968,27752,24193258,35200,27454,28996,3785056,31947,2318106,31436,10479314,33234,32977,36315,28358,35413,32847,32205,34388,31690
133,11:06:17,37,33332,31638,28535,29806,29924,33640,31583,31061,31322,31208,463300384,30310,224099360,33128,419441216,32720,30939,33379,258862848,32878,95170312,30832,470995040,33660,30673,32356,114731920,32590,32213,28371,100615320,31684,33238,30543,66851608,34924,61033464,29154,23286602,34033,30524,28860,3599619,31168,2217255,28477,10441132,33736,32325,33478,29502,30784,33350,30400,37712,29118
134,11:11:18,37,32040,30087,33280,28390,29406,35305,30552,34010,30032,32489,465532288,28505,222553520,33762,419164352,30153,30293,32732,256313920,29148,94161376,30698,464658400,32500,34644,29780,118333248,30018,33872,31958,97825040,32318,29638,28355,64763636,32350,60673944,29536,24073160,33645,31802,32955,3728342,26288,2329129,32830,10489320,30910,33084,34116,31548,32187,32701,28982,33856,31803
135,11:16:18,37,32674,29821,28775,34157,26829,37091,34007,30663,30794,34532,453888672,32863,220095008,33494,417463680,30779,33751,30538,258044208,32476,93803288,32095,457739552,33125,29245,27205,112814024,36931,32318,34002,90883784,32818,31679,31166,65408148,35034,61757392,30422,23973984,30421,32816,31278,3648584,31409,2083359,28591,10376010,30385,26409,32440,31152,32433,30641,33590,32051,31922
136,11:21:19,37,28804,30966,33131,31575,28483,31685,27063,31416,31550,32723,453702656,31821,221462848,32840,411390944,33586,33224,27831,255495168,31822,92166840,35424,459879136,29775,31926,31939,114260832,31277,30898,32578,87938312,32676,32305,27820,65611844,33735,59877988,29515,23513622,32851,32034,30243,3503627,31523,2155090,32679,9885908,29606,31909,35626,30371,32039,32038,30373,31911,31526
137,11:26:19,37,31502,33917,32356,31194,28871,30531,32195,34500,34115,33107,448500512,27968,217283216,28731,409122560,33202,35912,32316,257216816,31305,93119432,32341,456730272,29133,31794,31553,115208528,36401,29615,32957,86781912,29601,27945,30764,66584424,33090,61931232,28997,23950932,30149,28954,30112,3376176,30752,2302817,32033,10797354,34853,31775,30756,34345,30241,35493,30500,32933,27677
138,11:31:20,37,34969,34042,32608,30545,28224,29629,31551,32569,33081,29378,447032448,31429,220304032,34373,410926304,31021,35135,30902,255795040,31042,93727328,32461,456496288,31572,31792,28216,114386248,32681,31148,32444,87589592,29475,33458,30506,64651388,35401,60105732,25786,23624978,34125,29593,30103,3220517,33310,2265434,27290,10559375,29725,30750,31774,29596,32929,33951,32417,32927,29468
139,11:36:21,37,27382,33137,33889,33751,31171,31549,28854,28721,33209,35407,447340544,30786,215231024,32317,399393472,29863,30521,31667,255814992,33864,92339656,28743,455604064,28746,29223,32574,114520592,34217,31020,29364,81542784,33442,29609,32044,64987816,33987,60998152,30020,23923830,31172,31382,32923,3316760,32796,2313869,33567,10663859,31005,31262,28444,33694,34205,33180,27544,27929,30874
140,11:41:21,37,31739,28501,28870,29247,31418,28334,30763,31013,30757,26801,438570016,30902,216249952,30762,397178592,35358,34609,33446,259268672,31669,91093104,27317,456920480,30527,34339,30380,117893248,30230,35109,30631,78015680,32147,32678,28828,65039668,36023,61063184,30906,24330990,31156,32263,26889,3228389,33418,2335056,32140,10473159,34960,33298,30476,31247,30734,32396,34062,29324,28942
141,11:46:22,37,31220,30811,30537,30525,26668,30635,30759,29600,34605,32568,443566944,32308,214551152,33454,404515936,30358,32556,29350,257524688,31799,92807336,33088,457233696,33982,29720,33965,116782840,30739,31511,30755,78974984,33039,30874,33690,66287224,31401,62524452,31793,24028442,30895,28166,32777,3256472,29705,2165790,31371,10255444,30476,31372,31630,28042,35722,34315,31886,30345,32652
142,11:51:22,37,34435,30679,32846,29884,28589,29353,30502,30111,35370,29364,466735616,34357,211817456,29479,417725216,29974,31017,30629,256562208,31282,92216928,30136,452781184,34496,29719,30376,116182488,33043,30613,32290,77794296,33671,29338,30101,65185808,34092,61949748,30257,24560932,32308,33414,32009,3139700,34827,2156084,30984,10315194,31500,31499,32521,29575,34313,34061,27275,37130,27528
143,11:56:23,37,32755,29261,30272,29877,28582,35237,26265,27798,33177,28839,441973376,32300,208746528,32548,407708480,33038,31002,29849,256051552,26783,92008896,29485,452948992,30897,35475,31774,118480032,33806,26511,27927,75512888,30082,32016,32145,66425320,31652,62404728,29352,24151212,32297,27899,31999,2838300,30205,2261961,35583,10264248,30081,31362,35587,30975,34943,31233,30079,34685,29439
144,12:01:24,37,31210,29255,29626,32696,29986,32672,31899,30488,26515,30375,441964352,33703,212869888,31641,412804128,29322,29206,29331,257952528,33061,92496640,31917,453474368,32945,32397,31641,116003456,32904,31371,32407,70706712,33277,30990,32397,65137664,33181,62282036,29216,24177116,33572,31733,33659,2606092,31738,2068287,33917,9619170,30201,30333,29565,33404,34425,31866,31101,31999,34172
145,12:06:24,37,31078,28742,32188,29356,27421,34975,29587,30350,32532,35758,446072800,29857,205781600,34076,403463584,33543,33430,28174,255461296,32934,90105960,30503,452623680,30890,34828,29207,117556712,29445,30986,26129,68927000,29692,34190,34446,64330716,35105,61974128,31518,24409492,30241,32627,29816,2428423,33142,1927290,27126,9290371,28538,32121,33405,33529,32631,32888,28794,34041,28151
146,12:11:25,37,32996,30659,31540,36012,30619,28949,28046,29192,32906,28698,459026016,30880,211742272,31890,407103168,31102,31503,29453,256697376,36380,92079464,33444,448588448,34088,30725,29713,114865288,30591,31363,27147,65290784,31224,29957,27655,64334912,34068,60472248,32294,24169436,32284,29934,28146,2518319,35694,1983098,29814,9657004,32371,28277,30967,29813,32112,29427,30324,29044,27634
147,12:16:25,37,31702,32443,31652,34206,29199,30089,30979,32001,32256,33173,432422624,31760,207521488,31369,401007360,29558,35845,32510,255698720,32913,91488032,34458,456604864,34719,31738,27270,115904808,29427,31226,31106,62580024,32617,30586,25719,62525308,32902,61129628,31501,24184644,33936,33763,28906,2664936,33000,2058380,31854,9828448,31722,31467,32233,34278,31466,33639,33259,32490,29292
148,12:21:26,37,32974,30509,32029,30482,30852,29951,28925,31732,33144,32774,466559904,32009,210439520,31103,397734048,31976,30073,30586,254675072,33028,91734616,27658,454196960,31759,33644,32124,117814744,31078,35177,33649,59654100,31452,32368,28398,63411736,33151,60560916,28806,24700902,30471,31191,30046,2636229,31196,1825477,26594,9437018,30431,33632,28260,31199,30049,32860,32219,31453,28510
149,12:26:27,37,31557,29739,33304,27916,32511,32380,31223,32754,32626,32263,435729344,31619,210158400,32375,401943424,31082,33777,34032,252572672,28802,90059688,32009,447927968,28299,33124,28277,116723296,34272,33762,31212,56854256,32345,32618,28135,63245860,32885,60570448,32901,23715732,28801,28890,32984,2664708,29403,2113406,29790,9710158,29280,32219,29151,30174,31196,30555,29533,31449,30685
150,12:31:27,37,31557,33965,30614,33808,28290,32636,30203,33519,32110,30849,449307968,31485,210812768,29813,402621312,31972,30581,30958,259103344,29566,91899528,33030,454196960,31754,28519,32881,117549304,33242,29664,31340,53435356,30168,30823,30821,62864960,33004,61220408,27386,24094242,31871,31442,29910,2747338,31828,1919898,30809,9347390,30423,31834,31960,33234,31829,31958,30298,32983,29146
151,12:36:28,37,32314,32672,29450,30849,28920,31474,28269,32101,30059,32636,444678848,29818,210616816,27504,399809504,36049,27886,31081,255360544,27128,89535984,30075,447136384,32640,33886,34282,113744424,30043,32091,33380,50326912,30800,32480,31710,61838592,32232,59495644,30194,22431742,31601,35778,31820,2631051,26577,1734103,28243,9077363,33098,31824,32202,33226,30796,33353,27985,31947,28623
152,12:41:28,37,34878,28444,30860,32385,32117,32754,31084,29924,31463,31222,469911840,32627,213947152,36194,399604800,31319,29287,32484,257831296,32498,92444384,32252,450356288,34812,29403,33379,125076528,33232,28380,31071,52639340,29262,31451,28125,62238704,35046,59102700,30969,23360200,29554,30920,28877,2638008,25680,1914829,31563,9339085,29516,29647,35779,32583,30923,29772,30794,30925,30031
153,12:46:29,37,29747,31773,32777,31235,30195,32362,30436,31327,33120,31601,448651648,34157,212406560,31975,402630368,33748,31712,31586,255509344,30191,90144000,30714,448588640,30587,30678,29543,115463024,33104,34640,35542,51582452,26964,31447,30167,60674852,30183,58496160,32623,22360316,31981,29255,29513,2481430,28998,1989079,29898,9255125,35136,33605,30921,32581,33857,30917,29132,29259,28110
154,12:51:29,37,32562,33170,30975,33782,29422,31844,31072,32854,31835,29556,456490560,31466,211618464,30693,391961088,32843,33755,32094,253897008,31594,90262512,29811,448841056,34802,33619,31968,119424064,30798,34508,32343,51306944,29770,31576,28118,59427004,30689,57888760,33896,21799082,31723,35509,29762,2345270,32831,1943142,28616,9701940,29512,31168,32960,32195,37302,31679,34236,29764,29506
155,12:56:30,37,31141,28297,29814,31215,32096,33242,31191,27733,33233,32864,431167072,33505,203044880,33496,388424480,32200,30930,28885,250537216,31714,86832088,29926,443683488,29166,31180,27229,118061512,31682,30793,31950,46558548,32953,33355,34118,59453124,32859,55458072,28515,20604862,31713,31282,32942,2179404,27710,1777416,30138,8904930,29881,30012,29628,30139,36268,34096,27965,31033,30268
156,13:01:31,37,32932,27656,34167,33006,33245,34522,33621,31823,35403,35296,440289056,28258,208252928,28246,393055488,29513,31823,27987,256786976,33627,89934720,30952,448422784,31468,29770,33231,118500840,34232,27978,31181,43515516,30137,30790,27723,60183236,32844,56909916,33494,21692078,31964,33962,28860,2246881,28859,1789460,29119,8830165,31417,30904,35376,32311,33332,31418,31034,33973,31414
157,13:06:31,37,36522,34952,33271,34153,31452,33112,28378,34886,34633,32353,442678272,36183,206532192,35533,393685600,31169,30163,29137,254905392,34266,90028304,32356,442733824,33637,29893,33487,117093936,35379,28742,29257,40200048,33202,32192,31041,60803860,31058,56829544,32728,21018416,32600,32172,28858,2091611,31281,1876983,32308,9036831,28731,32305,30011,31288,30265,30007,28606,29244,34094
158,13:11:32,37,32408,30973,30060,29924,34000,33609,33863,33856,34240,28891,446180992,32080,211065280,31688,394533312,31290,29258,36025,257912208,33489,90305968,32473,447208640,27362,31929,25044,116611440,35239,32691,32062,40587000,27956,29630,31159,62149248,34244,58283292,30417,21857960,30162,28463,29870,2050647,29871,2028951,31529,9326897,27958,31399,27958,29231,36385,32168,27447,33191,29740
159,13:16:32,37,33049,27132,34792,30816,30548,36166,31815,28744,37050,30680,441432288,30292,210616368,33604,388351392,31413,31683,30018,254979984,34638,89057600,31066,442163488,27869,29503,29387,116334032,32558,29244,33082,39090492,26934,29120,33333,60913500,33345,56197096,31821,21346642,33613,35477,31524,1924418,32672,1969220,29357,8797345,34335,30634,29103,33567,34715,29870,30762,32167,33574
160,13:21:33,37,33678,32499,30691,32215,29645,33348,31552,29118,31547,32330,450502016,31303,214047600,29762,398166208,34343,31548,29760,259228288,30923,90744760,31954,455613888,34509,32560,32700,116590496,31398,32809,32817,35961212,28840,31411,28852,63013372,33081,58690400,33600,22424242,31305,30239,28711,2027929,29220,1904324,30499,9113403,30503,29096,31010,35476,28968,31137,30497,35478,32158
161,13:26:34,37,30726,31084,27231,29779,30408,30784,31423,30647,28475,30664,450283456,30022,214368384,28354,400160256,32427,36014,32944,255158624,32324,88991032,32589,451638464,29649,32299,30525,116196104,35734,32933,30005,33203966,33814,31918,34467,61543484,30391,58705068,29509,21731062,30789,33170,28197,1859927,32154,1937465,29477,9268386,36755,31646,32030,30879,32026,29982,28962,34321,28325
162,13:31:34,37,31498,26351,30814,32719,30405,31931,31545,30646,30393,33223,449671488,30661,212275424,32316,385401056,30381,30649,36647,252287376,33473,88765704,28880,445038400,32846,29614,32821,116607848,30755,27826,31154,27699772,28581,28342,30380,61042532,30008,57928096,32319,22027220,35133,31512,30879,1933370,29983,1829855,30625,9424018,30372,29349,34837,33044,33050,30238,30111,32282,29346
163,13:36:35,37,29450,29678,32602,34887,30150,34232,35380,32942,31032,30282,448287360,30278,208158880,33591,389302656,33571,32566,32690,253334800,31427,87539608,29650,440638656,32080,30254,26309,115781360,34839,32038,34986,24316870,32919,33700,27825,61154148,33461,57662672,33340,21741112,31682,31640,26408,1858404,32150,1888779,31386,9284398,32026,31260,32282,32278,29855,32791,30239,32918,31134
164,13:41:35,37,32518,31851,30811,36297,28740,30400,33590,29878,30392,29770,447631712,33343,214459392,31545,399327168,26806,32311,27837,256975968,30791,87890888,31178,447122464,29901,31277,30012,117060824,27696,31146,32431,24922246,32154,30892,30127,61332640,32185,57820476,30145,21981468,33213,32660,30238,1785867,32536,1867671,29345,9329485,32281,31898,32793,34575,35854,35982,30620,33809,30491
165,13:46:36,37,31493,27119,32856,29265,35002,29246,33200,30260,31156,30534,453146208,33724,217129584,32951,396462496,29231,33200,32686,256957184,32449,89829776,29648,448272800,29520,27955,32691,118597880,31777,30888,34086,26131938,35978,33577,29102,61572000,30523,58692568,31171,22828404,30915,30359,28702,1768097,30233,2086145,31766,9927600,31389,37640,35725,30364,31129,32664,31771,33683,31260
166,13:51:36,37,29187,28910,29660,31569,30023,30404,29248,25026,27713,28620,439986016,34108,205263360,30525,378984544,33571,27966,30139,254511264,35263,88256984,31694,445395456,32333,29873,31418,117190448,30630,28977,32687,26266578,33174,32299,26298,63326988,32822,59768212,32197,22112290,31047,31003,31898,1732658,33681,2068240,31258,9239569,30111,33175,35472,35346,31515,32789,30239,32155,25009
167,13:56:37,37,32906,30834,27233,37067,31041,32443,29502,30007,30134,29770,431330112,26699,199950640,30779,374569792,30628,31032,30517,256428624,28871,88031408,34122,447049952,28243,29999,29117,117539400,28203,31654,27194,25161210,32407,29106,29362,62587500,33586,59071068,30791,22606488,30661,28321,27942,1729972,32149,1944304,32661,8770186,33812,28581,31263,31775,35089,36108,29345,31005,29474
168,14:01:38,37,30089,29678,29665,34127,31171,28228,32821,29496,33586,32966,438591520,31172,205611232,31419,381439360,31913,32437,35375,255152240,32708,87543640,29905,455808832,31181,31533,30142,117057120,30249,31272,31793,24087320,30621,34343,30257,62529504,33976,58276080,27465,22282334,34747,32531,28964,1756881,29347,2094327,28455,9346780,30626,32287,29859,32408,33048,35855,30750,35597,33429
169,14:06:38,37,31242,29552,29280,33491,28747,31170,31423,32819,31285,32073,432468384,31051,206322496,28740,386890016,31529,32567,30010,258154608,25550,88240336,28240,464228256,31058,32299,31545,119815000,30503,30634,32050,24384764,28582,30131,29487,63395332,30395,59264056,32704,22941832,29511,27048,35854,1669957,35981,1866710,28324,8944650,30876,30880,31645,29862,32285,32159,31135,34581,26157
170,14:11:39,37,32521,31854,31840,32341,29765,32701,32823,31665,28604,33092,447165536,31173,204498496,32444,396309600,32419,32566,31541,254768192,29766,88504736,31819,465630624,35782,34724,32182,118892544,31014,32166,32046,24268072,28835,32298,32043,62299896,34355,57951756,35133,22099326,31300,33555,31131,1583689,32663,1860632,32024,9095710,28708,30878,32030,32283,33941,36369,31008,33431,28582
171,14:16:39,37,30214,31343,31582,31699,34752,32316,30013,30133,30388,32197,440686496,29768,205551440,30907,390821184,29739,30138,29624,261633664,29894,90105192,31561,469090816,31183,34848,31544,119138680,33306,32545,29748,25867046,33050,29235,29741,63547868,33592,58615732,33473,22833458,30279,29595,27685,1612514,33553,1974569,27307,9827428,30496,31771,33558,32280,31638,34574,29984,34322,33429
172,14:21:40,37,29697,29163,28890,30544,30275,33463,31028,32685,28728,32066,436545120,32064,209045680,32437,388918528,31394,33074,33838,259856400,31167,90018320,30791,467565504,32585,31140,27964,127515760,33688,32162,31788,26036052,29598,30506,31270,61728256,33837,58492740,33592,22029032,29761,32147,32275,1552671,29979,1917886,34444,9164536,31133,31768,30494,30363,35081,35975,32017,34568,28577
173,14:26:41,37,32635,33376,27093,33091,29629,28219,30260,32552,29741,30142,439721792,31798,214669456,31022,392479616,31003,34472,34977,260460096,33332,88526928,35386,467423168,32956,31776,30640,119051640,28452,31900,30632,25037904,32016,28589,29480,63391328,34471,57361972,32313,21728088,32055,32390,31249,1390986,31118,1927604,30228,8857265,27930,31376,29719,30357,33161,33925,30866,32781,29337
174,14:31:41,37,32759,27103,29004,31295,34604,30126,30888,32667,33054,32180,439473248,32691,207340608,31275,390850400,36612,33568,33183,261496400,35242,88811384,29756,462551936,31928,31772,30506,120142600,34183,31382,30242,24227242,31245,35341,31896,63047648,35230,57128612,29236,21904552,32305,27541,30346,1476570,29072,1743920,26909,8685426,29845,32519,30095,39149,32899,30350,32773,34559,28311
175,14:36:42,37,33381,31051,33080,33196,31010,34836,29215,29718,27685,32420,466908256,30376,208743456,33811,391340864,29200,28198,30620,260473712,31020,87434984,30260,460687200,30132,32905,30112,117744464,33406,29457,28699,23128126,30213,30097,35327,63090580,30875,57181908,31396,21679738,28971,31352,29061,1482689,30593,1960896,33015,8919842,34292,28808,32764,31358,32888,33271,31741,29954,28936
176,14:41:42,37,30037,29118,31782,30116,30870,30862,30219,33525,30471,33424,448768192,33544,207892048,33663,391116960,30839,32768,30341,256907312,32144,88153560,34193,461551232,30751,32624,31747,117139984,31727,33390,30211,22654674,26754,31482,32751,61578156,34168,56140648,32647,20844812,32013,32605,29423,1294141,34392,1803932,32228,8356966,30958,32098,30189,31336,31973,36177,31080,31336,27641
177,14:46:43,37,35764,29736,32395,30474,30462,31350,29558,27517,31595,29313,447675456,32246,205962528,34654,387468320,31709,33760,35032,259304960,32498,88778888,34165,466835648,30214,32090,31469,118809896,32844,29668,28021,23153436,30677,34257,29795,62631344,31851,57039460,31602,21578294,31604,31816,31818,1317026,30673,1757622,28131,8834955,31696,30163,31693,32966,31057,33858,30803,35639,32837
178,14:51:44,37,31911,29076,31101,31981,30566,32471,35653,31829,33483,29042,444553504,34003,207040864,29541,387950368,33465,30553,33354,261044528,34003,88775480,26112,466922784,33000,30161,33742,117195400,30156,30796,28256,23800314,30275,31940,28759,62237916,35142,56602236,35152,20942454,29801,32048,26963,1216380,30272,1700675,36124,8532216,29259,33446,34724,33452,29763,33575,31164,32944,28749
179,14:56:44,37,33797,29820,32095,30176,31566,33210,31170,32561,34224,33353,455352640,33476,213098400,30921,390904096,28613,30917,34857,261736640,31561,87786728,30295,462420288,29663,33321,31299,119425360,30516,28228,29766,24192842,30638,31024,27339,62130152,33586,56896180,31177,21169650,31435,28342,29235,1243746,28982,1671450,27579,8691365,31649,30889,30507,31142,32031,32917,30503,33169,29996
180,15:01:45,37,26641,30057,28387,34995,30398,32936,29495,32923,29625,29385,441337952,31674,208061392,30264,393205568,32536,33436,31017,258354624,30525,86430816,30529,459504288,33590,28595,33182,118307112,32777,30623,30633,23119044,29350,29860,30881,61385320,30141,55238168,31159,20359430,31416,33017,26670,1127246,29216,1658077,32266,8344286,27691,31120,32008,32642,32897,32768,27690,32010,31884
181,15:06:45,37,30693,29523,27727,32041,32534,32148,31509,29598,33920,28976,445460352,26814,207877520,29604,409529664,30982,30609,33149,260628064,32656,87778560,36476,462523904,31780,34412,30996,119454424,32499,31232,27684,25297186,28304,31237,28951,62401096,34300,56701196,28586,21053126,27700,31721,27030,1171917,29948,1760982,26651,8977538,31859,34649,34523,32110,30454,33120,32617,29442,26776
182,15:11:46,37,31304,29238,29225,32264,31485,30844,28808,29691,32487,31363,458386528,31101,210037152,29953,409464416,31334,32227,36413,262258352,33262,87480616,31746,465891968,29720,30953,29698,119800680,28790,30317,33626,23976354,31068,32723,27653,62249596,31351,56468392,33389,20922026,26785,27639,31188,1075724,28274,1680767,31448,8529902,31574,31955,36137,28781,33726,30809,27768,32711,31567
183,15:16:46,37,35477,33034,27430,30212,28292,33999,32848,33346,31574,30069,473690688,32986,213502528,37033,409988896,29409,31451,33227,262556464,31592,88521048,29697,463879616,31475,32199,28790,120503664,29026,33847,29416,23885304,28512,33972,29789,62254116,28410,55984104,33744,20364462,31588,27244,28762,1101711,29523,1790746,29396,8932188,32439,29900,32688,31040,32813,32814,31927,34461,29775
184,15:21:47,37,34559,31612,29439,31079,27258,30552,29656,31807,31559,25614,449745792,28652,212376336,31307,411285536,30403,26609,31427,265537760,31693,89062240,32839,465634144,30311,32942,30925,120703008,30524,31287,32816,24138750,30897,32687,31666,63654152,25730,56967464,32198,21466304,30174,33552,29373,1066825,26843,1717189,27223,8889159,31781,32418,28239,30136,33682,30136,27986,33429,30518
185,15:26:48,37,30093,28924,31573,33462,30528,31416,28873,33302,31409,30664,440728032,31424,208610032,30021,412702080,32788,33311,28114,261368272,32179,87927960,29901,462339296,32445,33423,29510,119757200,35817,32026,27727,25013292,29102,31144,29872,62920436,36604,56302476,30528,21322534,30029,31624,31249,1028603,31254,1888667,28601,8887895,27333,32899,31255,36440,32897,30239,30113,32010,33274
186,15:31:48,37,35523,29276,32806,33938,32026,29873,28098,29229,31763,30641,449105312,31901,211653504,31390,422858144,30487,30877,33155,262856288,30764,87726640,27223,463922848,33685,32893,28222,122152096,28581,30357,30870,24312824,31108,29599,31999,62447004,33037,56374280,30508,20883190,34941,31866,31230,1098442,26801,1805830,26932,9298814,27694,29456,30344,31605,32114,32494,34011,30091,29585
187,15:36:49,37,32837,27995,28871,31646,31631,33655,29727,29594,30604,35309,457530624,26446,217934512,31246,438466560,31227,29851,33139,269022208,30868,91556928,31133,477335936,35819,32120,30234,123571840,30085,30720,30982,24919622,30077,32113,30211,63633720,34919,58331216,30999,21708056,32140,32353,32605,1230602,28176,2002755,28691,10116424,31092,32096,30326,31593,30707,33610,31592,32475,29695
188,15:41:49,37,29274,34948,26072,32011,31739,31612,28820,27678,32741,27952,483888992,30227,214790560,30978,433349504,32852,30586,34882,266324640,31229,90296064,31748,474571744,34283,35131,28443,121503432,32593,30829,32104,23989950,34109,30585,28307,62440880,37298,57676796,29844,22059512,31365,31069,27029,1126460,30817,2013972,31073,9433526,33598,31700,31200,28673,31697,27655,31825,34481,31322
189,15:46:50,37,31797,31766,31751,35662,30085,32486,33494,33483,29821,32241,460349536,31476,213241840,29702,433828576,29681,28430,32980,266893440,35268,90783736,32744,467062208,32494,33852,29568,121086016,33593,30316,33224,24714908,32324,33098,32719,62700416,35011,57284080,29575,22127780,35903,30674,31310,959239,31186,1804124,29422,9469450,29922,29924,30431,33966,32068,33074,29160,36231,28407
190,15:51:51,37,34302,33765,31602,33362,28545,28418,29167,31564,32704,32217,454240672,27034,212977504,34604,436785120,29534,27650,31815,270940128,31703,89716096,31333,468994976,31082,32569,31316,122940672,32563,30926,27020,24097392,30790,29788,28274,61722764,33723,58390532,34611,22192186,32590,29771,29774,999564,30152,2018659,29777,9549878,29652,31538,28386,34947,33179,33178,32042,32296,28134
191,15:56:51,37,27715,31863,31464,28672,33458,30426,33456,33703,30924,32963,451015520,30558,210705408,29922,433569280,29019,30036,30923,268160752,32706,87907264,29803,458693984,31453,31170,29918,121214424,30783,32050,31299,23381268,30021,30406,29271,60399300,31563,57357232,31062,21330646,32323,30389,30015,915188,31025,1820920,28253,9369121,34053,33425,30142,31280,29385,39846,31783,34933,32029
192,16:01:52,37,30361,29325,30190,34222,30416,29660,29278,29651,28642,29923,458994720,27648,213877360,28648,436906752,37089,32173,31539,267554528,26886,88108536,34093,462611648,29548,35573,29531,119612680,32415,32290,31916,24246592,30134,29259,29637,59907392,31549,56856404,33825,20938206,32315,30005,30767,926816,28999,1868693,28619,9315177,29751,31637,32400,30761,36814,31769,33787,33537,32780